{
    "2021": [
        {
            "nationality": "United States",
            "lean": "May (1.61%)",
            "peak": "Dec (23.28%)"
        },
        {
            "nationality": "Bangladesh",
            "lean": "May (0.04%)",
            "peak": "Dec (19.24%)"
        },
        {
            "nationality": "United Kingdom",
            "lean": "May (0.81%)",
            "peak": "Dec (22.20%)"
        },
        {
            "nationality": "Canada",
            "lean": "May (0.61%)",
            "peak": "Dec (24.16%)"
        },
        {
            "nationality": "Nepal",
            "lean": "May (1.17%)",
            "peak": "Oct (13.61%)"
        },
        {
            "nationality": "Afghanistan",
            "lean": "Sep & Nov (0.5%)",
            "peak": "Mar (21.41%)"
        },
        {
            "nationality": "Australia",
            "lean": "May (0.31%)",
            "peak": "Dec (51.74%)"
        },
        {
            "nationality": "Germany",
            "lean": "May (1.49%)",
            "peak": "Dec (15.90%)"
        },
        {
            "nationality": "Portugal",
            "lean": "May (2.50%)",
            "peak": "Nov (16.22%)"
        },
        {
            "nationality": "France",
            "lean": "May (2.69%)",
            "peak": "Nov (14.21%)"
        },
        {
            "nationality": "Maldives",
            "lean": "May (0.89%)",
            "peak": "Dec (28.47%)"
        },
        {
            "nationality": "Sri Lanka",
            "lean": "May (0.44%)",
            "peak": "Dec (38.91%)"
        },
        {
            "nationality": "Russia Fed",
            "lean": "May (2.21%)",
            "peak": "Dec (25.31%)"
        },
        {
            "nationality": "Iraq",
            "lean": "May (0.06%)",
            "peak": "Jan (13.95%)"
        },
        {
            "nationality": "Netherlands",
            "lean": "May (3.57%)",
            "peak": "Dec (18.41%)"
        }
    ],
    "2020": [
        {
            "nationality": "Bangladesh",
            "lean": "Apr (0.00%)",
            "peak": "Feb (39.33%)"
        },
        {
            "nationality": "United States",
            "lean": "May (0.12%)",
            "peak": "Jan (43.48%)"
        },
        {
            "nationality": "United Kingdom",
            "lean": "Apr (0.04%)",
            "peak": "Feb (39.59%)"
        },
        {
            "nationality": "Canada",
            "lean": "Apr (0.03%)",
            "peak": "Jan (40.98%)"
        },
        {
            "nationality": "Russia Fed",
            "lean": "Apr (0.03%)",
            "peak": "Jan (40.99%)"
        },
        {
            "nationality": "Australia",
            "lean": "Apr (0.02%)",
            "peak": "Jan (51.67%)"
        },
        {
            "nationality": "France",
            "lean": "Apr (0.03%)",
            "peak": "Feb (39.52%)"
        },
        {
            "nationality": "Germany",
            "lean": "Apr (0.06%)",
            "peak": "Feb (41.56%)"
        },
        {
            "nationality": "Malaysia",
            "lean": "Jun & Sep (0.12%)",
            "peak": "Jan (46.15%)"
        },
        {
            "nationality": "Sri Lanka",
            "lean": "Apr & May (0.02%)",
            "peak": "Feb (42.73%)"
        },
        {
            "nationality": "Thailand",
            "lean": "Jun (0.18%)",
            "peak": "Feb (51.49%)"
        },
        {
            "nationality": "Japan",
            "lean": "May (0.09%)",
            "peak": "Jan (47.78%)"
        },
        {
            "nationality": "Afghanistan",
            "lean": "Apr & May (0.00%)",
            "peak": "Jan (32.80%)"
        },
        {
            "nationality": "Nepal",
            "lean": "Apr (0.02%)",
            "peak": "Jan (38.54%)"
        },
        {
            "nationality": "China",
            "lean": "May (0.25%)",
            "peak": "Jan (38.54%)"
        }
    ],
    "2019": [
        {
            "nationality": "Bangladesh",
            "lean": "May (6.9%)",
            "peak": "Aug(9.7%)"
        },
        {
            "nationality": "United States",
            "lean": "Sep (5.2%)",
            "peak": "Dec(14.5%)"
        },
        {
            "nationality": "United Kingdom",
            "lean": "June(4.1%)",
            "peak": "Feb (12.5%)"
        },
        {
            "nationality": "Australia",
            "lean": "May(4.7%)",
            "peak": "Jan (11.5%)"
        },
        {
            "nationality": "Canada",
            "lean": "June(4.3%)",
            "peak": "Jan (14.1%)"
        },
        {
            "nationality": "China",
            "lean": "Aug(6.0%)",
            "peak": "Nov(11.7%)"
        },
        {
            "nationality": "Malaysia",
            "lean": "April(6.5%)",
            "peak": "Nov(10.7%)"
        },
        {
            "nationality": "Sri Lanka",
            "lean": "May(4.3%)",
            "peak": "Aug(14.3%)"
        },
        {
            "nationality": "Germany",
            "lean": "June(4.5%)",
            "peak": "Feb(12.1%)"
        },
        {
            "nationality": "Russia Fed",
            "lean": "June(1.5%)",
            "peak": "Feb(16.2%)"
        },
        {
            "nationality": "France",
            "lean": "May(4.5%)",
            "peak": "Feb(13.3%)"
        },
        {
            "nationality": "Japan",
            "lean": "June(7.0%)",
            "peak": "Jan (9.6%)"
        },
        {
            "nationality": "Singapore",
            "lean": "April(6.5%)",
            "peak": "Dec(12.2%)"
        },
        {
            "nationality": "Thailand",
            "lean": "June(4.0%)",
            "peak": "Feb(15.3%)"
        },
        {
            "nationality": "Nepal",
            "lean": "May(6.0%)",
            "peak": "Oct (11.4%)"
        }
    ],
    "2018": [
        {
            "nationality": "Bangladesh",
            "lean": "July(7.20%)",
            "peak": "August (9.25%)"
        },
        {
            "nationality": "United States",
            "lean": "August (5.95%)",
            "peak": "December (14.58%)"
        },
        {
            "nationality": "United Kingdom",
            "lean": "May (4.11%)",
            "peak": "December (12.38%)"
        },
        {
            "nationality": "Sri Lanka",
            "lean": "June (4.55%)",
            "peak": "August (15.38%)"
        },
        {
            "nationality": "Canada",
            "lean": "May (4.15%)",
            "peak": "January (13.83%)"
        },
        {
            "nationality": "Australia",
            "lean": "August (5.21%)",
            "peak": "December (19.67%)"
        },
        {
            "nationality": "Malaysia",
            "lean": "May (5.08%)",
            "peak": "March (10.81%)"
        },
        {
            "nationality": "China",
            "lean": "June(5.96%)",
            "peak": "December (11.76%)"
        },
        {
            "nationality": "Germany",
            "lean": "June (4.93%)",
            "peak": "March (11.96%)"
        },
        {
            "nationality": "Russia Fed",
            "lean": "August (1.66%)",
            "peak": "January (17.96%)"
        },
        {
            "nationality": "France",
            "lean": "May (4.48%)",
            "peak": "February (13.03%)"
        },
        {
            "nationality": "Japan",
            "lean": "May (6.47%)",
            "peak": "March (9.18%)"
        },
        {
            "nationality": "Singapore",
            "lean": "April (6.62%)",
            "peak": "December (12.95%)"
        },
        {
            "nationality": "Nepal",
            "lean": "November (7.24%)",
            "peak": "October (11.44%)"
        },
        {
            "nationality": "Thailand",
            "lean": "August (4.42%)",
            "peak": "December (13.61%)"
        }
    ],
    "2017": [
        {
            "nationality": "Bangladesh",
            "lean": "January(6.7%)",
            "peak": "December (10.4%)"
        },
        {
            "nationality": "United States",
            "lean": "September (5.4%)",
            "peak": "December (14.4%)"
        },
        {
            "nationality": "United Kingdom",
            "lean": "June (4.1%)",
            "peak": "December (12.4%)"
        },
        {
            "nationality": "Canada",
            "lean": "May (4.3%)",
            "peak": "December (13.5%)"
        },
        {
            "nationality": "Australia",
            "lean": "May (4.4%)",
            "peak": "December (19.2%)"
        },
        {
            "nationality": "Malaysia",
            "lean": "April (6.6%)",
            "peak": "December (11.3%)"
        },
        {
            "nationality": "Sri Lanka",
            "lean": "June (4.9%)",
            "peak": "August (15.3%)"
        },
        {
            "nationality": "Russia Fed",
            "lean": "June (1.4%)",
            "peak": "November & December (15.9%)"
        },
        {
            "nationality": "Germany",
            "lean": "June (4.7%)",
            "peak": "February, November (10.8%)"
        },
        {
            "nationality": "France",
            "lean": "May (4.4%)",
            "peak": "February (12.2%)"
        },
        {
            "nationality": "China",
            "lean": "August (5.7%)",
            "peak": "February (11.2%)"
        },
        {
            "nationality": "Japan",
            "lean": "June (6.6%)",
            "peak": "October (9.6%)"
        },
        {
            "nationality": "Singapore",
            "lean": "April (6.9%)",
            "peak": "December (12.3%)"
        },
        {
            "nationality": "Nepal",
            "lean": "May (6.6%)",
            "peak": "January(9.4%)"
        },
        {
            "nationality": "Afghanistan",
            "lean": "June (4.4%)",
            "peak": "January (11.9%)"
        }
    ],
    "2016": [
        {
            "nationality": "Bangladesh",
            "lean": "June(4.0%)",
            "peak": "December (12.7%)"
        },
        {
            "nationality": "United States",
            "lean": "September (5.1%)",
            "peak": "December (14.4%)"
        },
        {
            "nationality": "United Kingdom",
            "lean": "November (6.8%)",
            "peak": "December (9.6%)"
        },
        {
            "nationality": "Canada",
            "lean": "May (4.3%)",
            "peak": "December (13.3%)"
        },
        {
            "nationality": "Malaysia",
            "lean": "April (6.3%)",
            "peak": "December (11.4%)"
        },
        {
            "nationality": "Sri Lanka",
            "lean": "June (5.9%)",
            "peak": "August (13.0%)"
        },
        {
            "nationality": "Australia",
            "lean": "May (4.3%)",
            "peak": "December (18.9%)"
        },
        {
            "nationality": "Germany",
            "lean": "June (4.6%)",
            "peak": "November (11.6%)"
        },
        {
            "nationality": "China",
            "lean": "June (5.7%)",
            "peak": "November (11.0%)"
        },
        {
            "nationality": "France",
            "lean": "May (4.7%)",
            "peak": "February (12.3%)"
        },
        {
            "nationality": "Russia Fed",
            "lean": "June (1.5%)",
            "peak": "December (18.7%)"
        },
        {
            "nationality": "Japan",
            "lean": "June (6.5%)",
            "peak": "November (10.5%)"
        },
        {
            "nationality": "Singapore",
            "lean": "April (6.7%)",
            "peak": "December (13.3%)"
        },
        {
            "nationality": "Nepal",
            "lean": "May (6.7%)",
            "peak": "October (9.9%)"
        },
        {
            "nationality": "Afghanistan",
            "lean": "June (4.6%)",
            "peak": "December (11.4%)"
        }
    ],
    "2015": [
        {
            "nationality": "United States",
            "lean": "September (4.9%)",
            "peak": "December (14.0%)"
        },
        {
            "nationality": "United Kingdom",
            "lean": "January (6.5%)",
            "peak": "December (9.4%)"
        },
        {
            "nationality": "Bangladesh",
            "lean": "June (4.2%)",
            "peak": "December (12.2%)"
        },
        {
            "nationality": "Sri Lanka",
            "lean": "May (6.0%)",
            "peak": "March (10.7%)"
        },
        {
            "nationality": "Canada",
            "lean": "June (4.5%)",
            "peak": "December (13.7%)"
        },
        {
            "nationality": "Malaysia",
            "lean": "April (6.5%)",
            "peak": "December (10.5%)"
        },
        {
            "nationality": "Australia",
            "lean": "June (5.1%)",
            "peak": "December (18.2%)"
        },
        {
            "nationality": "Germany",
            "lean": "June (4.8%)",
            "peak": "March (12.6%)"
        },
        {
            "nationality": "France",
            "lean": "May (4.8%)",
            "peak": "January (10.8%)"
        },
        {
            "nationality": "Japan",
            "lean": "July (6.8%)",
            "peak": "January (10.0%)"
        },
        {
            "nationality": "China (Main)",
            "lean": "May (6.3%)",
            "peak": "November (11.2%)"
        },
        {
            "nationality": "Russian Fed.",
            "lean": "June (1.7%)",
            "peak": "December (19.5%)"
        },
        {
            "nationality": "Nepal",
            "lean": "April (6.3%)",
            "peak": "October (11.7%)"
        },
        {
            "nationality": "Singapore",
            "lean": "April (6.7%)",
            "peak": "December (12.0%)"
        },
        {
            "nationality": "Pakistan",
            "lean": "June (6.7%)",
            "peak": "December (11.9%)"
        }
    ],
    "2014": [
        {
            "nationality": "United States",
            "lean": "September (5.4%)",
            "peak": "December (13.9%)"
        },
        {
            "nationality": "Bangladesh",
            "lean": "January (6.0%)",
            "peak": "October (10.3%)"
        },
        {
            "nationality": "United Kingdom",
            "lean": "June (4.3%)",
            "peak": "December (12.1%)"
        },
        {
            "nationality": "Sri Lanka",
            "lean": "June (6.4%)",
            "peak": "August (13.0%)"
        },
        {
            "nationality": "Russian Fed.",
            "lean": "June (1.3%)",
            "peak": "January (17.2%)"
        },
        {
            "nationality": "Canada",
            "lean": "May (4.4%)",
            "peak": "December (15.9%)"
        },
        {
            "nationality": "Malaysia",
            "lean": "April (5.7%)",
            "peak": "November (11.1%)"
        },
        {
            "nationality": "France",
            "lean": "May (4.8%)",
            "peak": "February (11.6%)"
        },
        {
            "nationality": "Australia",
            "lean": "May (4.6%)",
            "peak": "December (17.6%)"
        },
        {
            "nationality": "Germany",
            "lean": "June (4.7%)",
            "peak": "February (11.5%)"
        },
        {
            "nationality": "Japan",
            "lean": "May (6.1%)",
            "peak": "February (9.5%)"
        },
        {
            "nationality": "China(Main)",
            "lean": "June (6.1%)",
            "peak": "December (11.0%)"
        },
        {
            "nationality": "Singapore",
            "lean": "April (6.5%)",
            "peak": "December (12.4%)"
        },
        {
            "nationality": "Nepal",
            "lean": "May (6.2%)",
            "peak": "September (12.2%)"
        },
        {
            "nationality": "Thailand",
            "lean": "June (3.9%)",
            "peak": "February (14.3%)"
        }
    ],
    "2012": [
        {
            "nationality": "United States",
            "lean": "September (5.1%)",
            "peak": "December (14.2%)"
        },
        {
            "nationality": "United Kingdom",
            "lean": "May (4.2%)",
            "peak": "December (12.5%)"
        },
        {
            "nationality": "Bangladesh",
            "lean": "April (6.2%)",
            "peak": "February (9.9%)"
        },
        {
            "nationality": "Sri Lanka",
            "lean": "April (2.3%)",
            "peak": "August (15.9%)"
        },
        {
            "nationality": "Canada",
            "lean": "September (4.7%)",
            "peak": "December (15.0%)"
        },
        {
            "nationality": "Germany",
            "lean": "May (4.7%)",
            "peak": "March (12.4%)"
        },
        {
            "nationality": "France",
            "lean": "May (3.5%)",
            "peak": "July (12.8%)"
        },
        {
            "nationality": "Japan",
            "lean": "May (5.9%)",
            "peak": "November (10.2%)"
        },
        {
            "nationality": "Australia",
            "lean": "May (4.4%)",
            "peak": "December (17.4%)"
        },
        {
            "nationality": "Malaysia",
            "lean": "April (3.5%)",
            "peak": "November (13.7%)"
        },
        {
            "nationality": "Russian Fed.",
            "lean": "May (3.5%)",
            "peak": "December (13.2%)"
        },
        {
            "nationality": "China(Main)",
            "lean": "May (6.2%)",
            "peak": "December (10.8%)"
        },
        {
            "nationality": "Singapore",
            "lean": "April (4.4%)",
            "peak": "December (14.1%)"
        },
        {
            "nationality": "Nepal",
            "lean": "August(5.5%)",
            "peak": "October (14.7%)"
        },
        {
            "nationality": "Rep. of Korea",
            "lean": "April (4.4%)",
            "peak": "January (13.9%)"
        }
    ],
    "2011": [
        {
            "nationality": "United States",
            "lean": "April (5.2%)",
            "peak": "December (14.1%)"
        },
        {
            "nationality": "United Kingdom",
            "lean": "June (4.4%)",
            "peak": "February (12.7%)"
        },
        {
            "nationality": "Bangladesh",
            "lean": "September (3.5%)",
            "peak": "March (14.5%)"
        },
        {
            "nationality": "Sri Lanka",
            "lean": "August (4.7%)",
            "peak": "December (11.3%)"
        },
        {
            "nationality": "Canada",
            "lean": "August (4.5%)",
            "peak": "December (16.5%)"
        },
        {
            "nationality": "Germany",
            "lean": "June (5.1%)",
            "peak": "November (13.4%)"
        },
        {
            "nationality": "France",
            "lean": "August (4.6%)",
            "peak": "July (12.1%)"
        },
        {
            "nationality": "Malaysia",
            "lean": "August (5.4%)",
            "peak": "November (12.6%)"
        },
        {
            "nationality": "Japan",
            "lean": "April (7.0%)",
            "peak": "November (10.3%)"
        },
        {
            "nationality": "Australia",
            "lean": "August (5.3%)",
            "peak": "December (18%)"
        },
        {
            "nationality": "Russian Fed.",
            "lean": "May (3.2%)",
            "peak": "February (28.2%)"
        },
        {
            "nationality": "China(Main)",
            "lean": "January (7.0%)",
            "peak": "November (12.9%)"
        },
        {
            "nationality": "Singapore",
            "lean": "August (4.9%)",
            "peak": "December (13.7%)"
        },
        {
            "nationality": "Nepal",
            "lean": "May (5.8%)",
            "peak": "September (12.8%)"
        },
        {
            "nationality": "Rep. of Korea",
            "lean": "September (6.1%)",
            "peak": "January (13.6%)"
        }
    ],
    "2010": [
        {
            "nationality": "United States",
            "lean": "September (4.9%)",
            "peak": "December (13.9 %)"
        },
        {
            "nationality": "United Kingdom",
            "lean": "June (4.2%)",
            "peak": "January (12.9%)"
        },
        {
            "nationality": "Bangladesh",
            "lean": "November (7.0%)",
            "peak": "February (10.4%)"
        },
        {
            "nationality": "Sri Lanka",
            "lean": "November (4.3%)",
            "peak": "August (13.5%)"
        },
        {
            "nationality": "Canada",
            "lean": "September (5.3%)",
            "peak": "December (12.9%)"
        },
        {
            "nationality": "Germany",
            "lean": "June (4.9%)",
            "peak": "January (12.5%)"
        },
        {
            "nationality": "France",
            "lean": "September (5.1%)",
            "peak": "July (12.0%)"
        },
        {
            "nationality": "Malaysia",
            "lean": "April (5.2%)",
            "peak": "December (10.5%)"
        },
        {
            "nationality": "Australia",
            "lean": "May (6.0%)",
            "peak": "December (17.1%)"
        },
        {
            "nationality": "Japan",
            "lean": "July (7.0%)",
            "peak": "February (10.0%)"
        },
        {
            "nationality": "Russian Fed.",
            "lean": "June (1.0%)",
            "peak": "November (18.5%)"
        },
        {
            "nationality": "China(Main)",
            "lean": "June (7.1%)",
            "peak": "November (9.7%)"
        },
        {
            "nationality": "Singapore",
            "lean": "April (6.7%)",
            "peak": "December (11.7%)"
        },
        {
            "nationality": "Nepal",
            "lean": "April (6.5%)",
            "peak": "October (11.9%)"
        },
        {
            "nationality": "Rep. of Korea",
            "lean": "November (6.1%)",
            "peak": "January (15.1%)"
        }
    ],
    "2008": [
        {
            "nationality": "U.S.A.",
            "lean": "September (5.2%)",
            "peak": "December (12.3%)"
        },
        {
            "nationality": "U.K.",
            "lean": "May (4.0%)",
            "peak": "February (13.6%)"
        },
        {
            "nationality": "Bangladesh",
            "lean": "December (5.3%)",
            "peak": "October (10.6%)"
        },
        {
            "nationality": "Sri Lanka",
            "lean": "June (5.9')/0)",
            "peak": "August (12.4%)"
        },
        {
            "nationality": "Canada",
            "lean": "August (5.0%)",
            "peak": "December (14.1%)"
        },
        {
            "nationality": "France",
            "lean": "May (4.7%)",
            "peak": "February ( 12.0%)"
        },
        {
            "nationality": "Germany",
            "lean": "June (4.8%)",
            "peak": "March (11.9%)"
        },
        {
            "nationality": "Japan",
            "lean": "December (5.4%)",
            "peak": "February (10.6%)"
        },
        {
            "nationality": "Australia",
            "lean": "May (4.8%)",
            "peak": "December (14.6%)"
        },
        {
            "nationality": "Malaysia",
            "lean": "April (6.2%)",
            "peak": "December (13.3%)"
        },
        {
            "nationality": "Singapore",
            "lean": "September (6.6%)",
            "peak": "November (13.6%)"
        },
        {
            "nationality": "China(Main)",
            "lean": "August (6.9%)",
            "peak": "February (10.4%)"
        },
        {
            "nationality": "Russia",
            "lean": "June (1.2%)",
            "peak": "January (16.7%)"
        },
        {
            "nationality": "Italy",
            "lean": "June (4.6%)",
            "peak": "February (12.3%)"
        },
        {
            "nationality": "Korea(South)",
            "lean": "December (5.9%)",
            "peak": "January (18.3%)"
        }
    ],
    "2007": [
        {
            "nationality": "U.S.A.",
            "lean": "September (4.69%)",
            "peak": "December (13.90%)"
        },
        {
            "nationality": "U.K.",
            "lean": "May (3.69%)",
            "peak": "January (12.67%)"
        },
        {
            "nationality": "Bangladesh",
            "lean": "September (6.81%)",
            "peak": "December (10.90%)"
        },
        {
            "nationality": "Canada",
            "lean": "May (4.21%)",
            "peak": "December (15.39%)"
        },
        {
            "nationality": "France",
            "lean": "May (4.15%)",
            "peak": "February (11.21%)"
        },
        {
            "nationality": "Sri Lanka",
            "lean": "May (5.89%)",
            "peak": "August (13.44%)"
        },
        {
            "nationality": "Germany",
            "lean": "June (4.56%)",
            "peak": "November (12.06%)"
        },
        {
            "nationality": "Japan",
            "lean": "May (5.86%)",
            "peak": "February (10.02%)"
        },
        {
            "nationality": "Australia",
            "lean": "May (4.88%)",
            "peak": "December (15.40%)"
        },
        {
            "nationality": "Malaysia",
            "lean": "July (5.87%)",
            "peak": "November (13.45%)"
        },
        {
            "nationality": "Pakistan",
            "lean": "September (4.42%)",
            "peak": "December (10.72%)"
        },
        {
            "nationality": "Italy",
            "lean": "June (4.09%)",
            "peak": "August (12.87%)"
        },
        {
            "nationality": "Singapore",
            "lean": "September (6.28%)",
            "peak": "November (12.98%)"
        },
        {
            "nationality": "China (Main)",
            "lean": "June (6.43%)",
            "peak": "December (11.17%)"
        },
        {
            "nationality": "Korea (South)",
            "lean": "May (5.07%)",
            "peak": "January (17.97%)"
        }
    ]
    
}