[
    {
        "YEAR":2001,
        "ARRIVALS":2537282,
        "Q1":31.3,
        "Q2":20.2,
        "Q3":23.0,
        "Q4":25.5
    },
    {
        "YEAR":2002,
        "ARRIVALS":2384364,
        "Q1":28.8,
        "Q2":18.4,
        "Q3":21.1,
        "Q4":31.7
    },
    {
        "YEAR":2003,
        "ARRIVALS":2726214,
        "Q1":27.7,
        "Q2":17.6,
        "Q3":22.8,
        "Q4":31.9
    },
    {
        "YEAR":2004,
        "ARRIVALS":3457477,
        "Q1":27.8,
        "Q2":18.3,
        "Q3":21.8,
        "Q4":32.1
    },
    {
        "YEAR":2005,
        "ARRIVALS":3918610,
        "Q1":28.3,
        "Q2":18.4,
        "Q3":21.4,
        "Q4":31.9
    },
    {
        "YEAR":2006,
        "ARRIVALS":4447167,
        "Q1":28.5,
        "Q2":19.2,
        "Q3":20.9,
        "Q4":31.4
    },
    {
        "YEAR":2007,
        "ARRIVALS":5081504,
        "Q1":29.7,
        "Q2":18.4,
        "Q3":20.9,
        "Q4":31.0
    },
    {
        "YEAR":2008,
        "ARRIVALS":5282603,
        "Q1":30.9,
        "Q2":19.5,
        "Q3":21.7,
        "Q4":27.9
    },
    {
        "YEAR":2009,
        "ARRIVALS":5167699,
        "Q1":27.2,
        "Q2":19.3,
        "Q3":21.8,
        "Q4":31.7
    },
    {
        "YEAR":2010,
        "ARRIVALS":5775692,
        "Q1":28.3,
        "Q2":18.8,
        "Q3":21.8,
        "Q4":31.1
    },
    {
        "YEAR":2011,
        "ARRIVALS":6309222,
        "Q1":28.3,
        "Q2":19.6,
        "Q3":20.9,
        "Q4":31.2
    },
    {
        "YEAR":2012,
        "ARRIVALS":6577745,
        "Q1":29.8,
        "Q2":19.1,
        "Q3":20.5,
        "Q4":30.6
    },
    {
        "YEAR":2013,
        "ARRIVALS":6967601,
        "Q1":29.4,
        "Q2":18.9,
        "Q3":20.8,
        "Q4":30.9
    },
    {
        "YEAR":2014,
        "ARRIVALS":7679099,
        "Q1":28.7,
        "Q2":19.6,
        "Q3":21.5,
        "Q4":30.2
    },
    {
        "YEAR":2015,
        "ARRIVALS":8027133,
        "Q1":28.4,
        "Q2":19.5,
        "Q3":22.1,
        "Q4":30.0
    },
    {
        "YEAR":2016,
        "ARRIVALS":8804411,
        "Q1":28.4,
        "Q2":18.9,
        "Q3":22.6,
        "Q4":30.0
    },
    {
        "YEAR":2017,
        "ARRIVALS":10035803,
        "Q1":27.7,
        "Q2":20.0,
        "Q3":22.1,
        "Q4":30.2
    },
    {
        "YEAR":2018,
        "ARRIVALS":10557976,
        "Q1":29.5,
        "Q2":19.2,
        "Q3":21.9,
        "Q4":29.3
    },
    {
        "YEAR":2019,
        "ARRIVALS":10930355,
        "Q1":29.1,
        "Q2":19.4,
        "Q3":21.7,
        "Q4":29.9
    },
    {
        "YEAR":2020,
        "ARRIVALS":2744766,
        "Q1":91.0,
        "Q2":1.0,
        "Q3":2.0,
        "Q4":6.0
    },
    {
        "YEAR":2021,
        "ARRIVALS":1527114,
        "Q1":22.2,
        "Q2":8.8,
        "Q3":18.4,
        "Q4":50.6
    }
]